{
  "best_model_name": "hgb",
  "test_metrics_thresholded": {
    "threshold": 0.5499999999999999,
    "accuracy": 0.6987833594976453,
    "f1": 0.7524592807611676,
    "precision": 0.8341079728280301,
    "recall": 0.6853701527614571,
    "confusion_matrix": [
      [
        1228,
        464
      ],
      [
        1071,
        2333
      ]
    ],
    "roc_auc": 0.7696387124867698
  }
}